id,orderShopID,orderName,appearCondition,fragmentName,hint,clearRewardName,orderNameOrig,appearConditionOrig,fragmentNameOrig,hintOrig,clearRewardNameOrig,stars,fragmentColor,fragmentCount,firstClearRewardAmount,clearRewardAmount,reacceptable
,,,,,,,,,,,,,,,,,
int,int,string,string,string,string,string,string,string,string,string,string,int,green|orange|blue|violet|red,int,int,int,boolean
0,1,Getting started No.1,Initial,Getting started fragment 1,Play a music in BASIC difficulty,Stamp ticket,入門編 その1,初期,入門のかけら1,BASICをプレー,スタンプチケット,1,green,1,3,0,FALSE
1,2,Getting started No.2,Order 1 cleared,Getting started fragment 2,Play a music of J-POP genre,Stamp ticket,入門編 その2,No.01をクリア,入門のかけら2,J-POPの楽曲をプレー,スタンプチケット,1,green,1,3,0,FALSE
2,3,Getting started No.3,Order 2 cleared,Getting started fragment 3,Play via matching,Stamp ticket,入門編 その3,No.02をクリア,入門のかけら3,マッチングをする,スタンプチケット,1,green,1,3,0,FALSE
3,4,Order of music name vol. row A,10 or more orders cleared,Row A fragment,"Play musics start with row A (start with a, e, i, o, u, y in yield, v sometimes, x in x-ray)",Stamp ticket,名前編 あ行の巻,オーダー10以上クリア,あ行のかけら,「あ行」から始まる名前の楽曲をプレー,スタンプチケット,2,orange,10,3,1,TRUE
4,5,Order of music name vol. row K,10 or more orders cleared,Row K fragment,"Play musics start with row K (start with k, c in color, q, g)",Stamp ticket,名前編 か行の巻,オーダー10以上クリア,か行のかけら,「か行」から始まる名前の楽曲をプレー,スタンプチケット,2,orange,10,3,1,TRUE
5,6,Order of music name vol. row S,10 or more orders cleared,Row S fragment,"Play musics start with row S (start with s, c in ceaser, j, z)",Stamp ticket,名前編 さ行の巻,オーダー10以上クリア,さ行のかけら,「さ行」から始まる名前の楽曲をプレー,スタンプチケット,2,orange,10,3,1,TRUE
6,7,Order of music name vol. row T,10 or more orders cleared,Row T fragment,"Play musics start with row T (start with t, d)",Stamp ticket,名前編 た行の巻,オーダー10以上クリア,た行のかけら,「た行」から始まる名前の楽曲をプレー,スタンプチケット,2,orange,10,3,1,TRUE
7,8,Order of music name vol. row N,10 or more orders cleared,Row N fragment,Play musics start with row N (start with n),Stamp ticket,名前編 な行の巻,オーダー10以上クリア,な行のかけら,「な行」から始まる名前の楽曲をプレー,スタンプチケット,2,orange,10,3,1,TRUE
8,9,Order of music name vol. row H,10 or more orders cleared,Row H fragment,"Play musics start with row H (start with h, b, p, f, v)",Stamp ticket,名前編 は行の巻,オーダー10以上クリア,は行のかけら,「は行」から始まる名前の楽曲をプレー,スタンプチケット,2,orange,10,3,1,TRUE
9,10,Order of music name vol. row M,10 or more orders cleared,Row M fragment,Play musics start with row M (start with m),Stamp ticket,名前編 ま行の巻,オーダー10以上クリア,ま行のかけら,「ま行」から始まる名前の楽曲をプレー,スタンプチケット,2,orange,10,3,1,TRUE
10,11,Order of music name vol. row Y,10 or more orders cleared,Row Y fragment,"Play musics start with row Y (start with y, u in universe)",Stamp ticket,名前編 や行の巻,オーダー10以上クリア,や行のかけら,「や行」から始まる名前の楽曲をプレー,スタンプチケット,2,orange,10,3,1,TRUE
11,12,Order of music name vol. row R,10 or more orders cleared,Row R fragment,"Play musics start with row R (start with r, l)",Stamp ticket,名前編 ら行の巻,オーダー10以上クリア,ら行のかけら,「ら行」から始まる名前の楽曲をプレー,スタンプチケット,2,orange,10,3,1,TRUE
12,13,Order of music name vol. row W,10 or more orders cleared,Row W fragment,Play musics start with row W (start with w),Stamp ticket,名前編 わ行の巻,オーダー10以上クリア,わ行のかけら,「わ行」から始まる名前の楽曲をプレー,スタンプチケット,2,orange,10,3,1,TRUE
13,14,Order of level 1,Order level 20,Level 1 fragment,Play musics of level 1,Stamp ticket,レベル編 ☆1,オーダーレベル20以上,レベル1のかけら,レベル1の楽曲をプレー,スタンプチケット,1,orange,8,3,1,TRUE
14,15,Order of level 2,Any of order 4-13 cleared,Level 2 fragment,Play musics of level 2,Stamp ticket,レベル編 ☆2,No.04～No.13のいずれかをクリア,レベル2のかけら,レベル2の楽曲をプレー,スタンプチケット,1,orange,8,3,1,TRUE
15,16,Order of level 3,Any of order 4-13 cleared,Level 3 fragment,Play musics of level 3,Stamp ticket,レベル編 ☆3,No.04～No.13のいずれかをクリア,レベル3のかけら,レベル3の楽曲をプレー,スタンプチケット,1,orange,8,3,1,TRUE
16,17,Order of level 4,Any of order 4-13 cleared,Level 4 fragment,Play musics of level 4,Stamp ticket,レベル編 ☆4,No.04～No.13のいずれかをクリア,レベル4のかけら,レベル4の楽曲をプレー,スタンプチケット,2,orange,10,3,1,TRUE
17,18,Order of level 5,Any of order 4-13 cleared,Level 5 fragment,Play musics of level 5,Stamp ticket,レベル編 ☆5,No.04～No.13のいずれかをクリア,レベル5のかけら,レベル5の楽曲をプレー,スタンプチケット,2,orange,10,3,1,TRUE
18,19,Order of level 6,Any of order 4-13 cleared,Level 6 fragment,Play musics of level 6,Stamp ticket,レベル編 ☆6,No.04～No.13のいずれかをクリア,レベル6のかけら,レベル6の楽曲をプレー,スタンプチケット,2,orange,10,3,1,TRUE
19,20,Order of level 7,Any of order 14-19 cleared,Level 7 fragment,Play musics of level 7,Stamp ticket,レベル編 ☆7,No.14～19のいずれかをクリア,レベル7のかけら,レベル7の楽曲をプレー,スタンプチケット,3,orange,18,4,1,TRUE
20,21,Order of level 8,Order 20 cleared,Level 8 fragment,Play musics of level 8,Stamp ticket,レベル編 ☆8,No.20をクリア,レベル8のかけら,レベル8の楽曲をプレー,スタンプチケット,3,orange,18,4,1,TRUE
21,22,Order of level 9,Order 21 cleared,Level 9 fragment,Play musics of level 9,Stamp ticket,レベル編 ☆9,No.21をクリア,レベル9のかけら,レベル9の楽曲をプレー,スタンプチケット,3,orange,20,4,1,TRUE
22,23,Order of level 10,Order 22 cleared,Level 10 fragment,Play musics of level 10,Stamp ticket,レベル編 ☆10,No.22をクリア,レベル10のかけら,レベル10の楽曲をプレー,スタンプチケット,4,orange,30,5,1,TRUE
23,24,Order of level 10+,Order 23 cleared,Level 10+ fragment,Play musics of level 10+,Stamp ticket,レベル編 ☆10+,No.23をクリア,レベル10+のかけら,レベル10+の楽曲をプレー,スタンプチケット,4,orange,35,10,1,TRUE
24,25,"Order of difficulty ""BASIC""",10 or more orders cleared,BASIC fragment,Play musics in BASIC difficulty,Stamp ticket,難易度編 BASIC,オーダー10以上クリア,BASICのかけら,BASICをプレー,スタンプチケット,1,orange,7,1,1,TRUE
25,26,"Order of difficulty ""MEDIUM""",Order 25 cleared,MEDIUM fragment,Play musics in MEDIUM difficulty,Stamp ticket,難易度編 MEDIUM,No.25をクリア,MEDIUMのかけら,MEDIUMをプレー,スタンプチケット,2,orange,8,3,1,TRUE
26,27,"Order of difficulty ""HARD""",Order 26 cleared,HARD fragment,Play musics in HARD difficulty,Stamp ticket,難易度編 HARD,No.26をクリア,HARDのかけら,HARDをプレー,スタンプチケット,3,orange,10,3,1,TRUE
27,28,"Order of genre ""J-POP""",Initial,J-POP fragment,Play musics of J-POP genre,Stamp ticket,ジャンル編 J-POP好き,初期,J-POPのかけら,J-POPの楽曲をプレー,スタンプチケット,2,orange,9,3,1,TRUE
28,29,"Order of genre ""Anime / Game""",Initial,Anime / Game fragment,Play musics of Anime / Game genre,Stamp ticket,ジャンル編 アニメ?ゲーム好き,初期,アニメ?ゲームのかけら,アニメ?ゲームの楽曲をプレー,スタンプチケット,2,orange,10,3,1,TRUE
29,30,"Order of genre ""Variety""",Initial,Variety fragment,Play musics of Variety genre,Stamp ticket,ジャンル編 バラエティ好き,初期,バラエティのかけら,バラエティの楽曲をプレー,スタンプチケット,2,orange,8,3,1,TRUE
30,31,"Order of genre ""KONAMI Original""",Initial,KONAMI Original fragment,Play musics of KONAMI Original genre,Stamp ticket,ジャンル編 コナオリ好き,初期,コナオリのかけら,コナミオリジナルの楽曲をプレー,スタンプチケット,2,orange,11,3,1,TRUE
31,32,"Order of title ""REFLEC BEAT""",Any of order 28-31 cleared,REFLEC BEAT fragment,Play musics of REFLEC BEAT,Stamp ticket,バージョン編 初代派,No.28～31のいずれかをクリア,初代のかけら,初代REFLEC BEATの楽曲をプレー,スタンプチケット,2,orange,12,3,1,TRUE
32,33,"Order of title ""limelight""",Any of order 28-31 cleared,Limelight fragment,Play musics of REFLEC BEAT limelight,Stamp ticket,バージョン編 ライムライト派,No.28～31のいずれかをクリア,ライムライトのかけら,REFLEC BEAT limelightの楽曲をプレー,スタンプチケット,2,orange,14,3,1,TRUE
33,34,"Order of title ""colette""",Any of order 28-31 cleared,Colette fragment,Play musics of REFLEC BEAT colette,Stamp ticket,バージョン編 コレット派,No.28～31のいずれかをクリア,コレットのかけら,REFLEC BEAT coletteの楽曲をプレー,スタンプチケット,2,orange,15,3,1,TRUE
34,35,Order of matching with anyone,Any of order 28-31 cleared,Matching 1 fragment,Matching with anyone,Stamp ticket,マッチング編 誰とでも！,No.28～31のいずれかをクリア,マッチング1のかけら,誰かとマッチングをする,スタンプチケット,2,orange,12,5,2,TRUE
35,36,Order of matching with a team member,Order 35 cleared,Matching 2 fragment,Matching with team members,Stamp ticket,マッチング編 チームメンバーと！,No.35をクリア,マッチング2のかけら,チームメンバーとマッチングする,スタンプチケット,3,orange,12,6,3,TRUE
36,37,Order of matching with a friend,Order 36 cleared,Matching 3 fragment,Matching with friends,Stamp ticket,マッチング編 お友達と！,No.36をクリア,マッチング3のかけら,お気に入りプレイヤーとマッチングする,スタンプチケット,3,orange,14,7,4,TRUE
37,58,Winter gear - head ☆1,Initial,Level 1 fragment,Play musics of level 1,Warm hat,冬装備あたま編 ☆1,初期,レベル1のかけら,レベル1の楽曲をプレー,あったかい帽子,1,blue,8,1,0,FALSE
38,59,Winter gear - head ☆2,Warm hat owned,J-POP fragment,Play musics of J-POP genre,Snow goggle,冬装備あたま編 ☆2,あったかい帽子所持,J-POPのかけら,J-POPの楽曲をプレー,スノーゴーグル,1,blue,8,1,0,FALSE
39,60,Winter gear - head ☆3,Snow goggle owned,Colette fragment,Play musics of REFLEC BEAT colette,Hood for extreme cold,冬装備あたま編 ☆3,スノーゴーグル所持,コレットのかけら,REFLEC BEAT coletteの曲をプレー,極寒地用フード,2,blue,10,1,0,FALSE
40,61,Winter gear - head ☆4,Hood for extreme cold owned,Winter fragment,Play musics of REFLEC BEAT colette Winter,Safety helmet,冬装備あたま編 ☆4,極寒地用フード所持,冬のかけら,Winterバージョンの楽曲をプレー,安全メット,2,blue,10,1,0,FALSE
41,62,Winter gear - head ☆5,Safety helmet owned,Row M fragment,Play musics start with row M (start with m),Fluffy hood,冬装備あたま編 ☆5,安全メット所持,ま行のかけら,「ま行」の楽曲をプレー,もふもふフード,3,blue,12,1,0,FALSE
42,63,Winter gear - head ☆6,Fluffy hood owned,Matching 3 fragment,Matching with friends,Hi-performance mask,冬装備あたま編 ☆6,もふもふフード所持,マッチング3のかけら,お気に入りプレイヤーとマッチング,高性能マスク,3,blue,14,1,0,FALSE
43,64,Winter gear - body ☆1,Initial,Level 3 fragment,Play musics of level 3,Casual clothing,冬装備からだ編 ☆1,初期,レベル3のかけら8個集める,レベル3の楽曲をプレー,カジュアルな服,1,blue,8,1,0,FALSE
44,65,Winter gear - body ☆2,Casual clothing owned,Winter fragment,Play musics of REFLEC BEAT colette Winter,Snow wearing,冬装備からだ編 ☆2,カジュアルな服所持,冬のかけら,Winterバージョンの楽曲をプレー,スノーウェア,1,blue,8,1,0,FALSE
45,66,Winter gear - body ☆3,Snow wearing owned,Limelight fragment,Play musics of REFLEC BEAT limelight,Coat for extreme cold,冬装備からだ編 ☆3,スノーウェア所持,ライムライトのかけら,REFLEC BEAT limelightの楽曲をプレー,極寒地用コート,2,blue,8,1,0,FALSE
46,67,Winter gear - body ☆4,Coat for extreme cold owned,Anime / Game fragment,Play musics of Anime / Game genre,Safety workwear,冬装備からだ編 ☆4,極寒地用コート所持,アニメ?ゲームのかけら,アニメ?ゲームの楽曲をプレー,安全作業着,2,blue,10,1,0,FALSE
47,68,Winter gear - body ☆5,Safety workwear owned,Row K fragment,"Play musics start with row K (start with k, c in color, q, g)",Fluffy suite,冬装備からだ編 ☆5,安全作業着所持,か行のかけら,「か行」から始まる名前の楽曲をプレー,もこもこスーツ,3,blue,12,1,0,FALSE
48,69,Winter gear - body ☆6,Fluffy suite owned,Matching 2 fragment,Matching with team members,Hi-mobility armor,冬装備からだ編 ☆6,もこもこスーツ所持,マッチング2のかけら,チームメンバーとマッチングする,高機動アーマー,3,blue,14,1,0,FALSE
49,70,Winter gear - hand ☆1,Initial,Level 2 fragment,Play musics of level 2,Handmade stock,冬装備もちもの編 ☆1,初期,レベル2のかけら,レベル2の楽曲をプレー,手作りストック,1,blue,8,1,0,FALSE
50,71,Winter gear - hand ☆2,Handmade stock owned,KONAMI Original fragment,Play musics of KONAMI Original genre,Snow stock,冬装備もちもの編 ☆2,手作りストック所持,コナオリのかけら,コナミオリジナルの楽曲をプレー,スノーストック,1,blue,8,1,0,FALSE
51,72,Winter gear - hand ☆3,Snow stock owned,Winter fragment,Play musics of REFLEC BEAT colette Winter,New stock,冬装備もちもの編 ☆3,スノーストック所持,冬のかけら,Winterバージョンの楽曲をプレー,新鮮なストック,2,blue,8,1,0,FALSE
52,73,Winter gear - hand ☆4,New stock owned,REFLEC BEAT fragment,Play musics of REFLEC BEAT,Boy's working gears,冬装備もちもの編 ☆4,新鮮なストック所持,初代のかけら,初代REFLEC BEATの楽曲をプレー,男の仕事道具,2,blue,10,1,0,FALSE
53,74,Winter gear - hand ☆5,Boy's working gears owned,Row H fragment,"Play musics start with row H (start with h, b, p, f, v)",Pastel stick,冬装備もちもの編 ☆5,男の仕事道具所持,は行のかけら,「は行」から始まる名前の楽曲をプレー,パステルステッキ,3,blue,12,1,0,FALSE
54,75,Winter gear - hand ☆6,Pastel stick owned,Matching 1 fragment,Play via matching,Hi-power saber,冬装備もちもの編 ☆6,パステルステッキ所持,マッチング1のかけら,マッチングをする,高出力セイバー,3,blue,14,1,0,FALSE
55,76,Order of music seed No.1,A song of colette garden unlocked,Music fragment 1,Play musics of REFLEC BEAT colette Spring,Sakura shaped seed,楽曲のたね編 その1,コレットガーデンの楽曲を1曲解禁,楽曲のかけら1,Springバージョンの楽曲をプレー,桜形のたね,2,violet,3,1,0,FALSE
56,77,Order of music seed No.2,Order 76 cleared & order level 5,Music fragment 2,Play musics of REFLEC BEAT colette Spring,Sharp seed,楽曲のたね編 その2,No.76クリア+オーダーレベル5到達,楽曲のかけら2,Springバージョンの楽曲をプレー,とがったたね,3,violet,6,1,0,FALSE
57,78,Order of music seed No.3,Order 76 cleared & 3 of orders about winter gear cleared,Music fragment 3,Play musics of REFLEC BEAT colette Spring,Fairy seed,楽曲のたね編 その3,No.77クリア+冬装備オーダー3個クリア,楽曲のかけら3,Springバージョンの楽曲をプレー,妖精のたね,4,violet,9,1,0,FALSE
58,38,Order of artist name vol. row A,4/24/2013 version up,Artist name row A fragment,"Play musics which artist name start with row A (start with a, e, i, o, u, y in yield, v sometimes, x in x-ray)",Stamp ticket,アーティスト編 あ行推し,2013/04/24 Ver.UP,アーティストあ行のかけら,「あ行」で始まるアーティスト名の楽曲をプレー,スタンプチケット,2,orange,15,3,1,TRUE
59,39,Order of artist name vol. row K,All of order 4-13 cleared,Artist name row K fragment,"Play musics which artist name start with row K (start with k, c in color, q, g)",Stamp ticket,アーティスト編 か行推し,No.04～13をすべてクリア,アーティストか行のかけら,「か行」で始まるアーティスト名の楽曲をプレー,スタンプチケット,2,orange,15,3,1,TRUE
60,40,Order of artist name vol. row S,All of order 25-27 cleared,Artist name row S fragment,"Play musics which artist name start with row S (start with s, c in ceaser, j, z)",Stamp ticket,アーティスト編 さ行推し,No.25～27をすべてクリア,アーティストさ行のかけら,「さ行」で始まるアーティスト名の楽曲をプレー,スタンプチケット,2,orange,15,3,1,TRUE
61,41,Order of artist name vol. row T,All of order 25-27 cleared,Artist name row T fragment,"Play musics which artist name start with row T (start with t, d)",Stamp ticket,アーティスト編 た行推し,No.25～27をすべてクリア,アーティストた行のかけら,「た行」で始まるアーティスト名の楽曲をプレー,スタンプチケット,2,orange,15,3,1,TRUE
62,42,Order of artist name vol. row N,All of order 25-27 cleared,Artist name row N fragment,Play musics which artist name start with row N (start with n),Stamp ticket,アーティスト編 な行推し,No.25～27をすべてクリア,アーティストな行のかけら,「な行」で始まるアーティスト名の楽曲をプレー,スタンプチケット,2,orange,15,3,1,TRUE
63,43,Order of artist name vol. row H,All of order 25-27 cleared,Artist name row H fragment,"Play musics which artist name start with row H (start with h, b, p, f, v)",Stamp ticket,アーティスト編 は行推し,No.25～27をすべてクリア,アーティストは行のかけら,「は行」で始まるアーティスト名の楽曲をプレー,スタンプチケット,2,orange,15,3,1,TRUE
64,44,Order of artist name vol. row M,All of order 25-27 cleared,Artist name row M fragment,Play musics which artist name start with row M (start with m),Stamp ticket,アーティスト編 ま行推し,No.25～27をすべてクリア,アーティストま行のかけら,「ま行」で始まるアーティスト名の楽曲をプレー,スタンプチケット,2,orange,15,3,1,TRUE
65,45,Order of artist name vol. row Y,All of order 25-27 cleared,Artist name row Y fragment,"Play musics which artist name start with row Y (start with y, u in universe)",Stamp ticket,アーティスト編 や行推し,No.25～27をすべてクリア,アーティストや行のかけら,「や行」で始まるアーティスト名の楽曲をプレー,スタンプチケット,2,orange,15,3,1,TRUE
66,46,Order of artist name vol. row R,All of order 25-27 cleared,Artist name row R fragment,"Play musics which artist name start with row R (start with r, l)",Stamp ticket,アーティスト編 ら行推し,No.25～27をすべてクリア,アーティストら行のかけら,「ら行」で始まるアーティスト名の楽曲をプレー,スタンプチケット,2,orange,15,3,1,TRUE
67,47,Order of artist name vol. row W,All of order 25-27 cleared,Artist name row W fragment,Play musics which artist name start with row W (start with w),Stamp ticket,アーティスト編 わ行推し,No.25～27をすべてクリア,アーティストわ行のかけら,「わ行」で始まるアーティスト名の楽曲をプレー,スタンプチケット,2,orange,15,3,1,TRUE
68,48,Order of artist name vol. VENUS,All of order 38-47 cleared,VENUS fragment,Play musics composed by VENUS,Stamp ticket,アーティスト編 VENUS推し,No.38～47をクリア,VENUSのかけら,VENUSの楽曲をプレー,スタンプチケット,3,orange,25,4,2,TRUE
69,49,Order of artist name vol. MAX MAXIMIZER,Order 48 cleared,MAX MAXIMIZER fragment,Play musics composed by MAX MAXIMIZER,Stamp ticket,アーティスト編 マキシマイザー推し,No.48をクリア,MAX MAXIMIZERのかけら,MAX MAXIMIZERの楽曲をプレー,スタンプチケット,4,orange,30,5,2,TRUE
70,142,"Test your might ""REFLEC BEAT"" primary 1st",5/15/2013 version up,Test your might primary 1 fragment,Clear level 6 musics of REFLEC BEAT,Stamp ticket,腕試し編?初代 初級1ST,2013/05/15 Ver.UP,腕試し初級1のかけら,初代REFLEC BEATの楽曲でレベル6の楽曲をクリア,スタンプチケット,2,red,15,3,0,FALSE
71,143,"Test your might ""REFLEC BEAT"" primary 2nd",Order 142 cleared,Test your might primary 2 fragment,Clear level 4 musics of REFLEC BEAT with full combo,Stamp ticket,腕試し編?初代 初級2ND,No.142をクリア,腕試し初級2のかけら,初代REFLEC BEATの楽曲でレベル4の楽曲をフルコンボクリア,スタンプチケット,2,red,15,4,0,FALSE
72,144,"Test your might ""REFLEC BEAT"" primary final",Order 143 cleared,Test your might primary 3 fragment,Clear level 8 musics of REFLEC BEAT,"Byword left part ""REFLEC BEAT primary""",腕試し編?初代 初級FINAL,No.143をクリア,腕試し初級3のかけら,初代REFLEC BEATの楽曲でレベル8の楽曲をクリア,通り名 前パーツ「初代初級の」,2,red,15,1,0,FALSE
73,145,"Test your might ""REFLEC BEAT"" intermediate 1st",5/22/2013 version up,Test your might intermediate 1 fragment,Clear level 7 musics of REFLEC BEAT with AA rank or above,Stamp ticket,腕試し編?初代 中級1ST,2013/05/22 Ver.UP,腕試し中級1のかけら,初代REFLEC BEATの楽曲でレベル7の楽曲をランクAA以上でクリア,スタンプチケット,3,red,15,3,0,FALSE
74,146,"Test your might ""REFLEC BEAT"" intermediate 2nd",Order 145 cleared,Test your might intermediate 2 fragment,Clear level 10 musics of REFLEC BEAT,Stamp ticket,腕試し編?初代 中級2ND,No.145をクリア,腕試し中級2のかけら,初代REFLEC BEATの譜面でレベル10の楽曲をクリア,スタンプチケット,3,red,15,4,0,FALSE
75,147,"Test your might ""REFLEC BEAT"" intermediate final",Order 146 cleared,Test your might intermediate 3 fragment,Clear FLOWER in HARD difficulty,"Byword left part ""REFLEC BEAT intermediate""",腕試し編?初代 中級FINAL,No.146をクリア,腕試し中級3のかけら,FLOWERのHARDをクリア,通り名 前パーツ「初代中級の」,3,red,10,1,0,FALSE
76,148,"Test your might ""REFLEC BEAT"" advanced 1st",5/29/2013 version up,Test your might advanced 1 fragment,Clear level 9 musics of REFLEC BEAT with AA rank or above,Stamp ticket,腕試し編?初代 上級1ST,2013/05/29 Ver.UP,腕試し上級1のかけら,初代REFLEC BEATの楽曲でレベル9の楽曲をランクAA以上でクリア,スタンプチケット,4,red,15,3,0,FALSE
77,149,"Test your might ""REFLEC BEAT"" advanced 2nd",Order 148 cleared,Test your might advanced 2 fragment,Clear level 6 musics of REFLEC BEAT with AAA rank or above,Stamp ticket,腕試し編?初代 上級2ND,No.148をクリア,腕試し上級2のかけら,初代REFLEC BEATの楽曲でレベル6の楽曲をランクAAA以上でクリア,スタンプチケット,4,red,15,4,0,FALSE
78,150,"Test your might ""REFLEC BEAT"" advanced 3rd",Order 149 cleared,Test your might advanced 3 fragment,Clear level 10+ musics of REFLEC BEAT with AA rank or above,Stamp ticket,腕試し編?初代 上級3RD,No.149をクリア,腕試し上級3のかけら,初代REFLEC BEATの楽曲でレベル10+の楽曲をランクAA以上でクリア,スタンプチケット,4,red,15,5,0,FALSE
79,151,"Test your might ""REFLEC BEAT"" advanced final",Order 150 cleared,Test your might advanced 4 fragment,Clear Sakura Reflection in HARD difficulty,"Byword left part ""REFLEC BEAT advanced""",腕試し編?初代 上級FINAL,No.150をクリア,腕試し上級4のかけら,Sakura ReflectionのHARDをランクAAA以上でクリア,通り名 前パーツ「初代上級の」,4,red,10,1,0,FALSE
80,152,"Test your might ""REFLEC BEAT"" elite 1st",6/5/2013 version up,Test your might elite 1 fragment,Clear level 10 musics of REFLEC BEAT with full combo,Stamp ticket,腕試し編?初代 超上級1ST,2013/06/05 Ver.UP,腕試し超上級1のかけら,初代REFLEC BEATの楽曲でレベル10の楽曲をフルコンボクリア,スタンプチケット,5,red,15,3,0,FALSE
81,153,"Test your might ""REFLEC BEAT"" elite 2nd",Order 152 cleared,Test your might elite 2 fragment,Clear THE FALLEN in HARD difficulty with AAA rank or above,Stamp ticket,腕試し編?初代 超上級2ND,No.152をクリア,腕試し超上級2のかけら,THE FALLENのHARDをランクAAA以上でクリア,スタンプチケット,5,red,10,4,0,FALSE
82,154,"Test your might ""REFLEC BEAT"" elite 3rd",Order 153 cleared,Test your might elite 3 fragment,Clear Broken in HARD difficulty with AAA+ rank,Stamp ticket,腕試し編?初代 超上級3RD,No.153をクリア,腕試し超上級3のかけら,BrokenのHARDをランクAAA+でクリア,スタンプチケット,5,red,10,5,0,FALSE
83,155,"Test your might ""REFLEC BEAT"" elite final",Order 154 cleared,Test your might elite 4 fragment,Clear DEADLOCK in HARD difficulty with AAA+ rank,"Byword left part ""REFLEC BEAT elite""",腕試し編?初代 超上級FINAL,No.154をクリア,腕試し超上級4のかけら,DEADLOCKのHARDをランクAAA+でクリア,通り名 前パーツ「初代超上級の」,6,red,10,1,0,FALSE
84,226,"Test your might ""REFLEC BEAT"" legendary",1/15/2014 version up,Test your might legendary fragment,Clear DEADLOCK in HARD difficulty with AAA+ rank and fullcombo,"Byword left part ""REFLEC BEAT legendary""",腕試し編?初代 伝説級,2014/01/15 Ver.UP,腕試し伝説級のかけら,DEADLOCKのHARDをランクAAA+でフルコンボクリア,通り名 前パーツ「初代伝説級の」,7,red,1,1,0,FALSE
85,156,"Test your might ""limelight"" primary 1st",6/26/2013 version up,Test your might primary 1 fragment,Clear level 5 musics of REFLEC BEAT limelight with AA rank or above,Stamp ticket,腕試し編?ライムライト 初級1ST,2013/06/26 Ver.UP,腕試し初級1のかけら,REFLEC BEAT limelightの楽曲でレベル5の楽曲をランクAA以上でクリア,スタンプチケット,2,red,15,3,0,FALSE
86,157,"Test your might ""limelight"" primary 2nd",Order 156 cleared,Test your might primary 2 fragment,Clear level 6 musics of REFLEC BEAT limelight with AA rank or above,Stamp ticket,腕試し編?ライムライト 初級2ND,No.156をクリア,腕試し初級2のかけら,REFLEC BEAT limelightの楽曲でレベル6の楽曲をランクAA以上でクリア,スタンプチケット,2,red,15,4,0,FALSE
87,158,"Test your might ""limelight"" primary final",Order 157 cleared,Test your might primary 3 fragment,Clear level 8 musics of REFLEC BEAT limelight,"Byword left part ""Limelight primary""",腕試し編?ライムライト 初級FINAL,No.157をクリア,腕試し初級3のかけら,REFLEC BEAT limelightの楽曲でレベル8の楽曲をクリア,通り名 前パーツ「二代初級の」,2,red,15,1,0,FALSE
88,159,"Test your might ""limelight"" intermediate 1st",7/3/2013 version up,Test your might intermediate 1 fragment,Clear level 9 musics of REFLEC BEAT limelight,Stamp ticket,腕試し編?ライムライト 中級1ST,2013/07/03 Ver.UP,腕試し中級1のかけら,REFLEC BEAT limelightの楽曲でレベル9の楽曲をクリア,スタンプチケット,3,red,15,3,0,FALSE
89,160,"Test your might ""limelight"" intermediate 2nd",Order 159 cleared,Test your might intermediate 2 fragment,Clear level 7 musics of REFLEC BEAT limelight with full combo,Stamp ticket,腕試し編?ライムライト 中級2ND,No.159をクリア,腕試し中級2のかけら,REFLEC BEAT limelightの楽曲でレベル7の楽曲をフルコンボクリア,スタンプチケット,3,red,15,4,0,FALSE
90,161,"Test your might ""limelight"" intermediate final",Order 160 cleared,Test your might intermediate 3 fragment,Clear DRAGON KILLER in HARD difficulty,"Byword left part ""Limelight intermediate""",腕試し編?ライムライト 中級FINAL,No.160をクリア,腕試し中級3のかけら,DRAGON KILLERのHARDをクリア,通り名 前パーツ「二代中級の」,3,red,10,1,0,FALSE
91,162,"Test your might ""limelight"" advanced 1st",7/10/2013 version up,Test your might advanced 1 fragment,Clear level 7 musics of REFLEC BEAT limelight with AAA rank or above,Stamp ticket,腕試し編?ライムライト 上級1ST,2013/07/10 Ver.UP,腕試し上級1のかけら,REFLEC BEAT limelightの楽曲でレベル7の楽曲をランクAAA以上でクリア,スタンプチケット,4,red,15,3,0,FALSE
92,163,"Test your might ""limelight"" advanced 2nd",Order 162 cleared,Test your might advanced 2 fragment,Clear level 8 musics of REFLEC BEAT limelight with AA rank or above and full combo,Stamp ticket,腕試し編?ライムライト 上級2ND,No.162をクリア,腕試し上級2のかけら,REFLEC BEAT limelightの楽曲でレベル8の楽曲をランクAA以上でフルコンボクリア,スタンプチケット,4,red,15,4,0,FALSE
93,164,"Test your might ""limelight"" advanced 3rd",Order 163 cleared,Test your might advanced 3 fragment,Clear level 9 musics of REFLEC BEAT limelight with AAA rank or above,Stamp ticket,腕試し編?ライムライト 上級3RD,No.163をクリア,腕試し上級3のかけら,REFLEC BEAT limelightの楽曲でレベル9の楽曲をランクAAA以上でクリア,スタンプチケット,4,red,15,5,0,FALSE
94,165,"Test your might ""limelight"" advanced final",Order 164 cleared,Test your might advanced 4 fragment,Clear Fly to Next World in HARD difficulty with AAA rank or above,"Byword left part ""Limelight advanced""",腕試し編?ライムライト 上級FINAL,No.164をクリア,腕試し上級4のかけら,Fly to Next WorldのHARDをランクAAA以上でクリア,通り名 前パーツ「二代上級の」,4,red,10,1,0,FALSE
95,166,"Test your might ""limelight"" elite 1st",Order 156～165 cleared,Test your might elite 1 fragment,Clear level 9 musics of REFLEC BEAT limelight with AAA+ rank and full combo,Stamp ticket,腕試し編?ライムライト 超上級1ST,No.156～165まですべてクリア,腕試し超上級1のかけら,REFLEC BEAT limelightの楽曲でレベル9の楽曲をランクAAA+でフルコンボクリア,スタンプチケット,5,red,15,3,0,FALSE
96,167,"Test your might ""limelight"" elite 2nd",Order 166 cleared,Test your might elite 2 fragment,Clear quaver? in HARD difficulty with AAA rank or above,Stamp ticket,腕試し編?ライムライト 超上級2ND,No.166をクリア,腕試し超上級2のかけら,quaver?のHARDをランクAAA以上でクリア,スタンプチケット,5,red,10,4,0,FALSE
97,168,"Test your might ""limelight"" elite 3rd",Order 167 cleared,Test your might elite 3 fragment,Clear 量子の海のリントヴルム in HARD difficulty with AAA rank or above,Stamp ticket,腕試し編?ライムライト 超上級3RD,No.167をクリア,腕試し超上級3のかけら,量子の海のリントヴルムのHARDをランクAAA以上でクリア,スタンプチケット,5,red,10,5,0,FALSE
98,169,"Test your might ""limelight"" elite final",Order 168 cleared,Test your might elite 4 fragment,Clear VALLIS-NERIA in HARD difficulty with AAA+ rank,"Byword left part ""Limelight elite""",腕試し編?ライムライト 超上級FINAL,No.168をクリア,腕試し超上級4のかけら,VALLIS-NERIAのHARDをランクAAA+でクリア,通り名 前パーツ「二代超上級の」,6,red,10,1,0,FALSE
99,227,"Test your might ""limelight"" legendary",1/15/2014 version up,Test your might legendary fragment,Clear HAERETICUS in HARD difficulty with AAA+ rank,"Byword left part ""Limelight legendary""",腕試し編?ライムライト 伝説級,2014/01/15 Ver.UP,腕試し伝説級のかけら,HAERETICUSのHARDをランクAAA+でクリア,通り名 前パーツ「二代伝説級の」,7,red,1,1,0,FALSE
100,79,Spring gear - head ☆1,6/19/2013 version up,Level 5 fragment,Play musics of level 5,Colorful hat,春装備あたま編 ☆1,2013/06/19 Ver.UP,レベル5のかけら,レベル5の楽曲をプレー,カラフルな帽子,1,blue,8,1,0,FALSE
101,80,Spring gear - head ☆2,Colorful hat owned,Spring fragment,Play musics of REFLEC BEAT colette Spring,Stylish sun hat,春装備あたま編 ☆2,カラフルな帽子所持,春かけら,Springバージョンの楽曲をプレー,おしゃれなバイザー,1,blue,10,1,0,FALSE
102,81,Spring gear - head ☆3,Stylish sun hat owned,Colette fragment,Play musics of REFLEC BEAT colette,Gardener's hat,春装備あたま編 ☆3,おしゃれなバイザー所持,コレットのかけら,REFLEC BEAT coletteの曲をプレー,庭師の麦わら帽子,2,blue,10,1,0,FALSE
103,82,Spring gear - head ☆4,Gardener's hat owned,J-POP fragment,Play musics of J-POP genre,Firefighter helmet,春装備あたま編 ☆4,庭師の帽子所持,J-POPのかけら,J-POPの楽曲をプレー,消防メット,2,blue,12,1,0,FALSE
104,83,Spring gear - head ☆5,Firefighter helmet owned,Artist name row T fragment,"Play musics which artist name start with row T (start with t, d)",Bee hood,春装備あたま編 ☆5,消防メット所持,アーティストた行のかけら,「た行」で始まるアーティスト名の楽曲をプレー,みつばちフード,3,blue,12,1,0,FALSE
105,84,Spring gear - head ☆6,Bee hood owned,Matching 3 fragment,Matching with friends,Raijin head,春装備あたま編 ☆6,みつばちフード所持,マッチング3のかけら,フレンドとマッチングする,雷神ヘッド,3,blue,14,1,0,FALSE
106,85,Spring gear - body ☆1,6/19/2013 version up,Level 6 fragment,Play musics of level 6,Casual clothing,春装備からだ編 ☆1,2013/06/19 Ver.UP,レベル6のかけら8個集める,レベル6の楽曲をプレー,カジュアルな春服,1,blue,8,1,0,FALSE
107,86,Spring gear - body ☆2,Casual clothing owned,REFLEC BEAT fragment,Play musics of REFLEC BEAT,Stylish apron,春装備からだ編 ☆2,カジュアルな服所持,初代のかけら,初代REFLEC BEATの楽曲をプレー,おしゃれなエプロン,1,blue,10,1,0,FALSE
108,87,Spring gear - body ☆3,Stylish apron owned,Variety fragment,Play musics of Variety genre,Gardener's clothing,春装備からだ編 ☆3,おしゃれなエプロン所持,バラエティのかけら,バラエティの楽曲をプレー,庭師の服,2,blue,10,1,0,FALSE
109,88,Spring gear - body ☆4,Gardener's clothing owned,Spring fragment,Play musics of REFLEC BEAT colette Spring,Firefighter uniform,春装備からだ編 ☆4,庭師の服所持,春のかけら,Springバージョンの楽曲をプレー,消防服,2,blue,12,1,0,FALSE
110,89,Spring gear - body ☆5,Firefighter uniform owned,Artist name row H fragment,"Play musics which artist name start with row H (start with h, b, p, f, v)",Bee suit,春装備からだ編 ☆5,消防服所持,アーティストは行のかけら,「は行」で始まるアーティスト名の楽曲をプレー,みつばちスーツ,3,blue,12,1,0,FALSE
111,90,Spring gear - body ☆6,Bee suit owned,Matching 2 fragment,Matching with team members,Raijin body,春装備からだ編 ☆6,みつばちスーツ所持,マッチング2の欠片,チームメンバーとマッチングする,雷神ボディ,3,blue,14,1,0,FALSE
112,91,Spring gear - hand ☆1,6/19/2013 version up,Level 4 fragment,Play musics of level 4,Normal watering can,春装備もちもの編 ☆1,2013/06/19 Ver.UP,レベル4のかけら,レベル4の楽曲をプレー,ふつうのじょうろ,1,blue,8,1,0,FALSE
113,92,Spring gear - hand ☆2,Normal watering can owned,KONAMI Original fragment,Play musics of KONAMI Original genre,Stylish watering can,春装備もちもの編 ☆2,ふつうのじょうろ所持,コナオリのかけら,コナミオリジナルの楽曲をプレー,おしゃれなじょうろ,1,blue,10,1,0,FALSE
114,93,Spring gear - hand ☆3,Stylish watering can owned,Spring fragment,Play musics of REFLEC BEAT colette Spring,Fire hose,春装備もちもの編 ☆3,おしゃれなじょうろ所持,春のかけら,Springバージョンの楽曲をプレー,水やりホース,2,blue,10,1,0,FALSE
115,94,Spring gear - hand ☆4,Fire hose owned,Limelight fragment,Play musics of REFLEC BEAT limelight,Authentic hose,春装備もちもの編 ☆4,水やりホース所持,ライムライトのかけら,REFLEC BEAT limelightの楽曲をプレー,本格的なホース,2,blue,12,1,0,FALSE
116,95,Spring gear - hand ☆5,Authentic hose owned,Artist name row S fragment,"Play musics which artist name start with row S (start with s, c in ceaser, j, z)",Bee injector,春装備もちもの編 ☆5,本格的なホース,アーティストさ行のかけら,「さ行」で始まるアーティスト名の楽曲をプレー,みつばち注射器,3,blue,12,1,0,FALSE
117,96,Spring gear - hand ☆6,Bee injector owned,Matching 1 fragment,Play via matching,Raijin drum,春装備もちもの編 ☆6,みつばち注射器所持,マッチングのかけら1,マッチングをする,雷神ドラム,3,blue,14,1,0,FALSE
118,97,Order of lure No.1,6/19/2013 version up,Lure fragment 1,Play musics of REFLEC BEAT colette Spring,Silver lure,魚のえさ編 その1,2013/06/19 Ver.UP,魚のえさのかけら1,Summerバージョンの楽曲をプレー,銀の魚のえさ,2,violet,12,3,1,TRUE
119,98,Order of lure No.2,Order 97 cleard,Lure fragment 2,Play musics of REFLEC BEAT colette Spring via matching,Golden lure,魚のえさ編 その2,オーダーNo.97をクリア,魚のえさのかけら2,Summerバージョンの楽曲をマッチングする,金の魚のえさ,2,violet,15,3,1,TRUE
120,50,Order of artist name vol. ひなビタ?,7/10/2013 version up,ひなビタ? fragment,Play musics by ひなビタ?,Stamp ticket,アーティスト編 ひなビタ?推し,2013/07/10 Ver.UP,ひなビタ?のかけら,ひなビタ?の楽曲をプレー,スタンプチケット,3,orange,25,4,2,TRUE
121,170,"Test your might ""colette Winter"" primary 1st",8/6/2013 version up,Test your might primary 1 fragment,Clear musics of REFLEC BEAT colette Winter in HARD difficulty,Stamp ticket,腕試し編?コレット冬 初級1ST,2013/08/06 Ver.UP,腕試し初級1のかけら,REFLEC BEAT colette Winterの楽曲でHARDをクリア,スタンプチケット,2,red,15,3,0,FALSE
122,171,"Test your might ""colette Winter"" primary 2nd",Order 170 cleared,Test your might primary 2 fragment,Clear level 6 musics of REFLEC BEAT colette Winter with AA rank or above,Stamp ticket,腕試し編?コレット冬 初級2ND,No.170をクリア,腕試し初級2のかけら,REFLEC BEAT colette Winterの楽曲でレベル6の楽曲をランクAA以上でクリア,スタンプチケット,2,red,15,4,0,FALSE
123,172,"Test your might ""colette Winter"" primary final",Order 171 cleared,Test your might primary 3 fragment,Clear level 7 musics of REFLEC BEAT colette Winter with AA rank or above,"Byword left part ""Colette Winter primary""",腕試し編?コレット冬 初級FINAL,No.171をクリア,腕試し初級3のかけら,REFLEC BEAT colette Winterの楽曲でレベル7の楽曲をランクAA以上でクリア,通り名 前パーツ「三代冬初級の」,2,red,15,1,0,FALSE
124,173,"Test your might ""colette Winter"" intermediate 1st",8/14/2013 version up,Test your might intermediate 1 fragment,Clear level 9 musics of REFLEC BEAT colette Winter,Stamp ticket,腕試し編?コレット冬 中級1ST,2013/08/14 Ver.UP,腕試し中級1のかけら,REFLEC BEAT colette Winterの楽曲でレベル9の楽曲をクリア,スタンプチケット,3,red,15,3,0,FALSE
125,174,"Test your might ""colette Winter"" intermediate 2nd",Order 173 cleared,Test your might intermediate 2 fragment,Clear level 8 musics of REFLEC BEAT colette Winter with AA rank or above,Stamp ticket,腕試し編?コレット冬 中級2ND,No.173をクリア,腕試し中級2のかけら,REFLEC BEAT colette Winterの楽曲でレベル8の楽曲をランクAA以上でクリア,スタンプチケット,3,red,15,4,0,FALSE
126,175,"Test your might ""colette Winter"" intermediate final",Order 174 cleared,Test your might intermediate 3 fragment,Clear 梅雪夜 in HARD difficulty,"Byword left part ""Colette Winter intermediate""",腕試し編?コレット冬 中級FINAL,No.174をクリア,腕試し中級3のかけら,梅雪夜のHARDをクリア,通り名 前パーツ「三代冬中級の」,3,red,10,1,0,FALSE
127,176,"Test your might ""colette Winter"" advanced 1st",8/21/2013 version up,Test your might advanced 1 fragment,Clear level 9 musics of REFLEC BEAT colette Winter with AA rank or above,Stamp ticket,腕試し編?コレット冬 上級1ST,2013/08/21 Ver.UP,腕試し上級1のかけら,REFLEC BEAT colette Winterの楽曲でレベル9の楽曲をランクAA以上でクリア,スタンプチケット,4,red,15,3,0,FALSE
128,177,"Test your might ""colette Winter"" advanced 2nd",Order 176 cleared,Test your might advanced 2 fragment,Clear level 7 musics of REFLEC BEAT colette Winter with AA rank or above and full combo,Stamp ticket,腕試し編?コレット冬 上級2ND,No.176をクリア,腕試し上級2のかけら,REFLEC BEAT colette Winterの楽曲でレベル7の楽曲をランクAA以上でフルコンボクリア,スタンプチケット,4,red,15,4,0,FALSE
129,178,"Test your might ""colette Winter"" advanced 3rd",Order 177 cleared,Test your might advanced 3 fragment,Clear level 10 musics of REFLEC BEAT colette Winter with AA rank or above,Stamp ticket,腕試し編?コレット冬 上級3RD,No.177をクリア,腕試し上級3のかけら,REFLEC BEAT colette Winterの楽曲でレベル10の楽曲をランクAA以上でクリア,スタンプチケット,4,red,15,5,0,FALSE
130,179,"Test your might ""colette Winter"" advanced final",Order 178 cleared,Test your might advanced 4 fragment,Clear Daily Lunch Special in HARD difficulty with AA rank or above,"Byword left part ""Colette Winter advanced""",腕試し編?コレット冬 上級FINAL,No.178をクリア,腕試し上級4のかけら,Daily Lunch SpecialのHARDをランクAA以上でクリア,通り名 前パーツ「三代冬上級の」,4,red,10,1,0,FALSE
131,180,"Test your might ""colette Winter"" elite 1st",8/28/2013 version up,Test your might elite 1 fragment,Clear December Breeze in HARD difficulty with AA rank or above,Stamp ticket,腕試し編?コレット冬 超上級1ST,2013/08/28 Ver.UP,腕試し超上級1のかけら,December BreezeのHARDをランクAA以上でクリア,スタンプチケット,5,red,10,3,0,FALSE
132,181,"Test your might ""colette Winter"" elite 2nd",Order 180 cleared,Test your might elite 2 fragment,Clear level 10 musics of REFLEC BEAT colette Winter with full combo,Stamp ticket,腕試し編?コレット冬 超上級2ND,No.180をクリア,腕試し超上級2のかけら,REFLEC BEAT colette Winterの楽曲でレベル10の楽曲をフルコンボクリア,スタンプチケット,5,red,15,4,0,FALSE
133,182,"Test your might ""colette Winter"" elite 3rd",Order 181 cleared,Test your might elite 3 fragment,Clear GLITTER in HARD difficulty with AAA rank or above,Stamp ticket,腕試し編?コレット冬 超上級3RD,No.181をクリア,腕試し超上級3のかけら,GLITTERのHARDをランクAAA以上でクリア,スタンプチケット,5,red,10,5,0,FALSE
134,183,"Test your might ""colette Winter"" elite final",Order 182 cleared,Test your might elite 4 fragment,Clear Valanga in HARD difficulty with AAA+ rank,"Byword left part ""Colette Winter elite""",腕試し編?コレット冬 超上級FINAL,No.182をクリア,腕試し超上級4のかけら,ValangaのHARDをランクAAA+でクリア,通り名 前パーツ「三代冬超上級の」,6,red,10,1,0,FALSE
135,51,"Order of matching, Hokaidou / Tohoku region",9/18/2013 version up,Regional matching 1 fragment,Play with Hokaidou / Tohoku region players via matching,Stamp ticket,マッチング編 北海道?東北エリア,2013/09/18 Ver.UP,エリアマッチング1のかけら,北海道?東北エリアのプレイヤーとマッチングする,スタンプチケット,3,orange,15,3,2,TRUE
136,52,"Order of matching, Kanto region",9/18/2013 version up,Regional matching 2 fragment,Play with Kanto region players via matching,Stamp ticket,マッチング編 関東エリア,2013/09/18 Ver.UP,エリアマッチング2のかけら,関東エリアのプレイヤーとマッチングする,スタンプチケット,3,orange,15,3,2,TRUE
137,53,"Order of matching, Chubu region",9/18/2013 version up,Regional matching 3 fragment,Play with Chubu region players via matching,Stamp ticket,マッチング編 中部エリア,2013/09/18 Ver.UP,エリアマッチング3のかけら,中部エリアのプレイヤーとマッチングする,スタンプチケット,3,orange,15,3,2,TRUE
138,54,"Order of matching, Kinki region",9/18/2013 version up,Regional matching 4 fragment,Play with Kinki region players via matching,Stamp ticket,マッチング編 近畿エリア,2013/09/18 Ver.UP,エリアマッチング4のかけら,近畿エリアのプレイヤーとマッチングする,スタンプチケット,3,orange,15,3,2,TRUE
139,55,"Order of matching, Chugoku / Shigoku region",9/18/2013 version up,Regional matching 5 fragment,Play with Chugoku / Shigoku region players via matching,Stamp ticket,マッチング編 中国?四国エリア,2013/09/18 Ver.UP,エリアマッチング5のかけら,中国?四国エリアのプレイヤーとマッチングする,スタンプチケット,3,orange,15,3,2,TRUE
140,56,"Order of matching, Kyushu / Okinawa region",9/18/2013 version up,Regional matching 6 fragment,Play with Kyushu / Okinawa region players via matching,Stamp ticket,マッチング編 九州?沖縄エリア,2013/09/18 Ver.UP,エリアマッチング6のかけら,九州?沖縄エリアのプレイヤーとマッチングする,スタンプチケット,3,orange,15,3,2,TRUE
141,57,Order of matching with overseaers,9/18/2013 version up,Regional matching 7 fragment,Play with oversea players via matching,Stamp ticket,マッチング編 海外エリア,2013/09/18 Ver.UP,エリアマッチング7のかけら,海外エリア(台湾?香港?韓国)のプレイヤーとマッチングする,スタンプチケット,3,orange,15,3,2,TRUE
142,184,"Test your might ""colette Spring"" primary 1st",9/25/2013 version up,Test your might primary 1 fragment,Clear musics of REFLEC BEAT colette Spring with AA rank or above,Stamp ticket,腕試し編?コレット春 初級1ST,2013/09/25 Ver.UP,腕試し初級のかけら1,REFLEC BEAT colette Springの楽曲をランクAA以上でクリア,スタンプチケット,2,red,15,3,0,FALSE
143,185,"Test your might ""colette Spring"" primary 2nd",Order 184 cleared,Test your might primary 2 fragment,Clear level 8 musics of REFLEC BEAT colette Spring,Stamp ticket,腕試し編?コレット春 初級2ND,No.184をクリア,腕試し初級のかけら2,REFLEC BEAT colette Springの楽曲でレベル8の楽曲をクリア,スタンプチケット,2,red,15,4,0,FALSE
144,186,"Test your might ""colette Spring"" primary final",Order 185 cleared,Test your might primary 3 fragment,Clear level 6 musics of REFLEC BEAT colette Spring with AA rank or above,"Byword left part ""Colette Spring primary""",腕試し編?コレット春 初級FINAL,No.185をクリア,腕試し初級のかけら3,REFLEC BEAT colette Springの楽曲でレベル6の楽曲をランクAA以上でクリア,通り名 前パーツ「三代春初級の」,2,red,15,1,0,FALSE
145,187,"Test your might ""colette Spring"" intermediate 1st",10/2/2013 version up,Test your might intermediate 1 fragment,Clear level 9 musics of REFLEC BEAT colette Spring,Stamp ticket,腕試し編?コレット春 中級1ST,2013/10/02 Ver.UP,腕試し中級のかけら1,REFLEC BEAT colette Springの楽曲でレベル9の楽曲をクリア,スタンプチケット,3,red,15,3,0,FALSE
146,188,"Test your might ""colette Spring"" intermediate 2nd",Order 187 cleared,Test your might intermediate 2 fragment,Clear level 7 musics of REFLEC BEAT colette Spring with AA rank or above,Stamp ticket,腕試し編?コレット春 中級2ND,No.187をクリア,腕試し中級のかけら2,REFLEC BEAT colette Springの楽曲でレベル7の楽曲をランクAA以上でクリア,スタンプチケット,3,red,15,4,0,FALSE
147,189,"Test your might ""colette Spring"" intermediate final",Order 188 cleared,Test your might intermediate 3 fragment,Clear Wow Wow VENUS in HARD difficulty with AA rank or above,"Byword left part ""Colette Spring intermediate""",腕試し編?コレット春 中級FINAL,No.188をクリア,腕試し中級のかけら3,Wow Wow VENUSのHARDをランクAA以上でクリア,通り名 前パーツ「三代春中級の」,3,red,10,1,0,FALSE
148,190,"Test your might ""colette Spring"" advanced 1st",10/9/2013 version up,Test your might advanced 1 fragment,Clear level 10+ musics of REFLEC BEAT colette Spring,Stamp ticket,腕試し編?コレット春 上級1ST,2013/10/09 Ver.UP,腕試し上級のかけら1,REFLEC BEAT colette Springの楽曲でレベル10+の楽曲をクリア,スタンプチケット,4,red,15,3,0,FALSE
149,191,"Test your might ""colette Spring"" advanced 2nd",Order 190 cleared,Test your might advanced 2 fragment,Clear level 7 musics of REFLEC BEAT colette Spring with AAA rank or above,Stamp ticket,腕試し編?コレット春 上級2ND,No.190をクリア,腕試し上級のかけら2,REFLEC BEAT colette Springの楽曲でレベル7の楽曲をランクAAA以上でクリア,スタンプチケット,4,red,15,4,0,FALSE
150,192,"Test your might ""colette Spring"" advanced 3rd",Order 191 cleared,Test your might advanced 3 fragment,Clear level 9 musics of REFLEC BEAT colette Spring with full combo,Stamp ticket,腕試し編?コレット春 上級3RD,No.191をクリア,腕試し上級のかけら3,REFLEC BEAT colette Springの楽曲でレベル9の楽曲をフルコンボクリア,スタンプチケット,4,red,15,5,0,FALSE
151,193,"Test your might ""colette Spring"" advanced final",Order 192 cleared,Test your might advanced 4 fragment,Clear Windy Fairy in HARD difficulty,"Byword left part ""Colette Spring advanced""",腕試し編?コレット春 上級FINAL,No.192をクリア,腕試し上級のかけら4,Windy FairyのHARDをランクAA以上でクリア,通り名 前パーツ「三代春上級の」,4,red,10,1,0,FALSE
152,194,"Test your might ""colette Spring"" elite 1st",10/16/2013 version up,Test your might elite 1 fragment,Clear musics of REFLEC BEAT colette Spring in HARD difficulty with AAA+ rank and full combo,Stamp ticket,腕試し編?コレット春 超上級1ST,2013/10/16 Ver.UP,腕試し超上級1のかけら,REFLEC BEAT colette Springの楽曲のHARDをランクAAA+でフルコンボクリア,スタンプチケット,5,red,15,3,0,FALSE
153,195,"Test your might ""colette Spring"" elite 2nd",Order 194 cleared,Test your might elite 2 fragment,Clear level 10 musics of REFLEC BEAT colette Spring with AAA rank or above,Stamp ticket,腕試し編?コレット春 超上級2ND,No.194をクリア,腕試し超上級のかけら2,REFLEC BEAT colette Springの楽曲でレベル10の楽曲をランクAAA以上でクリア,スタンプチケット,5,red,15,4,0,FALSE
154,196,"Test your might ""colette Spring"" elite 3rd",Order 195 cleared,Test your might elite 3 fragment,Clear ARACHNE in HARD difficulty with AAA rank or above,Stamp ticket,腕試し編?コレット春 超上級3RD,No.195をクリア,腕試し超上級のかけら3,ARACHNEのHARDをランクAAA以上でクリア,スタンプチケット,5,red,10,5,0,FALSE
155,197,"Test your might ""colette Spring"" elite final",Order 196 cleared,Test your might elite 4 fragment,Clear ストレイ?マーチ in HARD difficulty with AAA+ rank or above,"Byword left part ""Colette Spring elite""",腕試し編?コレット春 超上級FINAL,No.196をクリア,腕試し超上級のかけら4,ストレイ?マーチのHARDをランクAAA+でクリア,通り名 前パーツ「三代春超上級の」,6,red,10,1,0,FALSE
156,99,Summer gear - head ☆1,9/18/2013 version up,Level 8 fragment,Play musics of level 8,Normal cap,夏装備あたま編 ☆1,2013/09/18 Ver.UP,レベル8のかけら,レベル8の楽曲をプレー,ふつうのキャップ,1,blue,10,1,0,FALSE
157,100,Summer gear - head ☆2,Normal cap owned,Colette fragment,Play musics of REFLEC BEAT limelight,Summer straw hat,夏装備あたま編 ☆2,ふつうのキャップ所持,コレットのかけら,REFLEC BEAT coletteの楽曲をプレー,夏の麦わら帽子,1,blue,10,1,0,FALSE
158,101,Summer gear - head ☆3,Summer straw hat owned,Summer fragment,Play musics of REFLEC BEAT colette Summer,Sunglasses,夏装備あたま編 ☆3,夏の麦わら帽子所持,夏のかけら,Summerバージョンの楽曲をプレー,サングラス,2,blue,10,1,0,FALSE
159,102,Summer gear - head ☆4,Sunglasses owned,MEDIUM fragment,Play musics in MEDIUM difficulty,Scuba face,夏装備あたま編 ☆4,サングラス所持,MEDIUMのかけら,MEDIUMをプレー,スキューバフェイス,2,blue,12,1,0,FALSE
160,103,Summer gear - head ☆5,Scuba face owned,Row W fragment,Play musics start with row W (start with w),Octopus hood,夏装備あたま編 ☆5,スキューバフェイス所持,「わ行」のかけら,「わ行」で始まる名前の楽曲をプレー,タコさんフード,3,blue,12,1,0,FALSE
161,104,Summer gear - head ☆6,Octopus hood owned,Regional matching 2 fragment,Play with Kanto region players via matching,Pirate hat,夏装備あたま編 ☆6,タコさんフード所持,エリアマッチング2のかけら,関東地方のプレイヤーとマッチングする,海賊ハット,3,blue,14,1,0,FALSE
162,105,Summer gear - body ☆1,9/18/2013 version up,Level 7 fragment,Play musics of level 7,Casual summer clothing,夏装備からだ編 ☆1,2013/09/18 Ver.UP,レベル7のかけら,レベル7の楽曲をプレー,カジュアルな夏服,1,blue,10,1,0,FALSE
163,106,Summer gear - body ☆2,Casual summer clothing owned,BASIC fragment,Play musics in BASIC difficulty,Stylish aloha shirt,夏装備からだ編 ☆2,カジュアルな夏服所持,BASICのかけら,BASICをプレー,おしゃれなアロハ,1,blue,10,1,0,FALSE
164,107,Summer gear - body ☆3,Stylish aloha shirt owned,REFLEC BEAT fragment,Play musics of REFLEC BEAT,Fishing wear,夏装備からだ編 ☆3,おしゃれなアロハ所持,初代のかけら,初代REFLEC BEATの楽曲をプレー,フィッシングウェア,2,blue,10,1,0,FALSE
165,108,Summer gear - body ☆4,Fishing wear owned,Summer fragment,Play musics of REFLEC BEAT colette Summer,Scuba set,夏装備からだ編 ☆4,フィッシングウェア所持,夏のかけら,Summerバージョンの楽曲をプレー,スキューバセット,2,blue,12,1,0,FALSE
166,109,Summer gear - body ☆5,Scuba set owned,Row A fragment,"Play musics start with row A (start with a, e, i, o, u, y in yield, v sometimes, x in x-ray)",Octopus suit,夏装備からだ編 ☆5,スキューバセット所持,「あ行」のかけら,「あ行」で始まる名前の楽曲をプレー,タコさんスーツ,3,blue,12,1,0,FALSE
167,110,Summer gear - body ☆6,Octopus suit owned,Regional matching 1 fragment,Play with Kinki region players via matching,Pirate costume,夏装備からだ編 ☆6,タコさんスーツ所持,エリアマッチング1のかけら,近畿地方のプレイヤーとマッチングする,海賊衣装,3,blue,14,1,0,FALSE
168,111,Summer gear - hand ☆1,9/18/2013 version up,Level 9 fragment,Play musics of level 9,Wood fishing rod,夏装備もちもの編 ☆1,2013/09/18 Ver.UP,レベル9のかけら,レベル9の楽曲をプレー,木の釣りざお,1,blue,10,1,0,FALSE
169,112,Summer gear - hand ☆2,Wood fishing rod owned,Summer fragment,Play musics of REFLEC BEAT colette Summer,Normal fishing rod,夏装備もちもの編 ☆2,木の釣りざお所持,夏のかけら,Summerバージョンの楽曲をプレー,ふつうの釣りざお,1,blue,10,1,0,FALSE
170,113,Summer gear - hand ☆3,Normal fishing rod owned,HARD fragment,Play musics in HARD difficulty,Golden rod,夏装備もちもの編 ☆3,ふつうの釣りざお所持,HARDのかけら,HARDをプレー,ゴールドロッド,2,blue,10,1,0,FALSE
171,114,Summer gear - hand ☆4,Golden rod owned,Limelight fragment,Play musics of REFLEC BEAT limelight,Sea fishing net,夏装備もちもの編 ☆4,ゴールドロッド所持,ライムライトのかけら,REFLEC BEAT limelightの楽曲をプレー,海釣り用のあみ,2,blue,12,1,0,FALSE
172,115,Summer gear - hand ☆5,Sea fishing net owned,Row S fragment,"Play musics start with row S (start with s, c in ceaser, j, z)",Undersea spear,夏装備もちもの編 ☆5,海釣り用のあみ所持,「さ行」のかけら,「さ行」で始まる名前の楽曲をプレー,海底のやり,3,blue,12,1,0,FALSE
173,116,Summer gear - hand ☆6,Undersea spear owned,Regional matching 3 fragment,Play with Chubu region players via matching,Pirate sabre,夏装備もちもの編 ☆6,海底のやり所持,エリアマッチング3のかけら,中部エリアのプレイヤーとマッチングする,海賊サーベル,3,blue,14,1,0,FALSE
174,139,"""The heroes of two""","Light up 4 flames in ""Verdet des Krieges"" chapter I","""The heroes of two"" fragment",Play musics in HARD difficulty via matching during FINAL ROUND,Stamp ticket,「二人の英雄」,戦乱のVerdet第I章で4つの炎をともす,二人の英雄のかけら,FINAL ROUNDでHARD譜面の楽曲を選曲し対人マッチングを行う,スタンプチケット,4,violet,20,1,0,FALSE
175,140,"""The power of white""","Light up 4 flames in ""Verdet des Krieges"" chapter II","""The power of white"" fragment","Play musics with names related to ""white"" via matching during FINAL ROUND","Byword left part ""White""",「白の力」,戦乱のVerdet第II章で4つの炎をともす,白の力のかけら,FINAL ROUNDで「白」もしくはそれを連想させる要素を曲名に含む楽曲をプレー,通り名 前パーツ「白の」,5,violet,20,1,0,FALSE
176,141,"""The apperance of Phoenix""","Light up 4 flames in ""Verdet des Krieges"" final chapter","""The apperance of Phoenix"" fragment",Play musics with names related to phoenix via matching during FINAL ROUND,"Byword left part ""Red""",「朱雀の姿」,戦乱のVerdet最終章で4つの炎をともす,朱雀の姿のかけら,FINAL ROUNDで朱雀に関連する曲をマッチングしてプレー,通り名 前パーツ「赤の」,6,violet,20,1,0,FALSE
177,35,Order of matching with anyone,Order 28-31 cleared,Matching 1 fragment,Matching with anyone,Stamp ticket,マッチング編 誰とでも！,No.28～31のいずれかをクリア,マッチング1のかけら,誰かとマッチングをする,スタンプチケット,2,orange,12,5,2,TRUE
178,35,Order of matching with anyone,Order 28-31 cleared,Matching 1 fragment,Matching with anyone,Stamp ticket,マッチング編 誰とでも！,No.28～31のいずれかをクリア,マッチング1のかけら,誰かとマッチングをする,スタンプチケット,2,orange,12,5,2,TRUE
179,35,Order of matching with anyone,Order 28-31 cleared,Matching 1 fragment,Matching with anyone,Stamp ticket,マッチング編 誰とでも！,No.28～31のいずれかをクリア,マッチング1のかけら,誰かとマッチングをする,スタンプチケット,2,orange,12,5,2,TRUE
180,35,Order of matching with anyone,Order 28-31 cleared,Matching 1 fragment,Matching with anyone,Stamp ticket,マッチング編 誰とでも！,No.28～31のいずれかをクリア,マッチング1のかけら,誰かとマッチングをする,スタンプチケット,2,orange,12,5,2,TRUE
181,35,Order of matching with anyone,Order 28-31 cleared,Matching 1 fragment,Matching with anyone,Stamp ticket,マッチング編 誰とでも！,No.28～31のいずれかをクリア,マッチング1のかけら,誰かとマッチングをする,スタンプチケット,2,orange,12,5,2,TRUE
182,35,Order of matching with anyone,Order 28-31 cleared,Matching 1 fragment,Matching with anyone,Stamp ticket,マッチング編 誰とでも！,No.28～31のいずれかをクリア,マッチング1のかけら,誰かとマッチングをする,スタンプチケット,2,orange,12,5,2,TRUE
183,117,Order of harvesting items No.1,9/18/2013 version up,Harvesting item fragment 1,Play musics of REFLEC BEAT colette Autumn,Intuition boost drink,収穫アイテム編 その1,2013/09/18 Ver.UP,収穫アイテムのかけら1,Autumnバージョンの曲をプレー,直感促進ドリンク,3,violet,12,3,1,TRUE
184,118,Order of harvesting items No.2,Order 117 cleared,Harvesting item fragment 2,Play musics of REFLEC BEAT colette Autumn,Magic clock,収穫アイテム編 その2,No.117をクリア,収穫アイテムのかけら2,Autumnバージョンの曲をプレー,まほうの時計,3,violet,12,3,1,TRUE
185,119,Order of harvesting items No.3,10/16/2013 version up,Harvesting item fragment 3,Play musics of REFLEC BEAT colette,Intuition boost drink,収穫アイテム編 その3,2013/10/16 Ver.UP,収穫アイテムのかけら3,REFLEC BEAT coletteの楽曲をプレー,直感促進ドリンク,3,violet,25,2,1,TRUE
186,120,Order of harvesting items No.4,Order 119 cleared,Harvesting item fragment 4,Matching with anyone,Magic clock,収穫アイテム編 その4,No.119をクリア,収穫アイテムのかけら4,みんなとマッチングをする,まほうの時計,3,violet,25,2,1,TRUE
187,198,"Test your might ""colette Summer"" primary 1st",11/6/2013 version up,Test your might primary 1 fragment,Clear musics of REFLEC BEAT colette Summer with AA rank or above,Stamp ticket,腕試し編?コレット夏 初級1ST,2013/11/06 Ver.UP,腕試し初級のかけら1,REFLEC BEAT colette Summerの楽曲をランクAA以上でクリア,スタンプチケット,2,red,15,3,0,FALSE
188,199,"Test your might ""colette Summer"" primary 2nd",Order 198 cleared,Test your might primary 2 fragment,Clear level 8 musics of REFLEC BEAT colette Summer,Stamp ticket,腕試し編?コレット夏 初級2ND,No.198をクリア,腕試し初級のかけら2,REFLEC BEAT colette Summerの楽曲でレベル8の楽曲をクリア,スタンプチケット,2,red,15,4,0,FALSE
189,200,"Test your might ""colette Summer"" primary final",Order 199 cleared,Test your might primary 3 fragment,Clear musics of REFLEC BEAT colette Summer in HARD difficulty with AA rank or above,"Byword left part ""Colette Summer primary""",腕試し編?コレット夏 初級FINAL,No.199をクリア,腕試し初級のかけら3,REFLEC BEAT colette Summerの楽曲のHARDをランクAA以上でクリア,通り名 前パーツ「三代夏初級の」,2,red,15,1,0,FALSE
190,201,"Test your might ""colette Summer"" intermediate 1st",11/13/2013 version up,Test your might intermediate 1 fragment,Clear level 9 musics of REFLEC BEAT colette Summer,Stamp ticket,腕試し編?コレット夏 中級1ST,2013/11/13 Ver.UP,腕試し中級のかけら1,REFLEC BEAT colette Summerの楽曲でレベル9の楽曲をクリア,スタンプチケット,3,red,15,3,0,FALSE
191,202,"Test your might ""colette Summer"" intermediate 2nd",Order 201 cleared,Test your might intermediate 2 fragment,Clear level 8 musics of REFLEC BEAT colette Summer with AA rank or above,Stamp ticket,腕試し編?コレット夏 中級2ND,No.201をクリア,腕試し中級のかけら2,REFLEC BEAT colette Summerの楽曲でレベル8の楽曲をランクAA以上でクリア,スタンプチケット,3,red,15,4,0,FALSE
192,203,"Test your might ""colette Summer"" intermediate final",Order 202 cleared,Test your might intermediate 3 fragment,Clear Knell in HARD difficulty,"Byword left part ""Colette Summer intermediate""",腕試し編?コレット夏 中級FINAL,No.202をクリア,腕試し中級のかけら3,KnellのHARDをクリア,通り名 前パーツ「三代夏中級の」,3,red,10,1,0,FALSE
193,204,"Test your might ""colette Summer"" advanced 1st",11/20/2013 version up,Test your might advanced 1 fragment,Clear musics of REFLEC BEAT colette Summer in HARD difficulty with AA rank or above and full combo,Stamp ticket,腕試し編?コレット夏 上級1ST,2013/11/20 Ver.UP,腕試し上級のかけら1,REFLEC BEAT colette Summerの楽曲のHARDをランクAA以上でフルコンボクリア,スタンプチケット,4,red,15,3,0,FALSE
194,205,"Test your might ""colette Summer"" advanced 2nd",Order 204 cleared,Test your might advanced 2 fragment,Clear level 9 musics of REFLEC BEAT colette Summer with AA rank or above,Stamp ticket,腕試し編?コレット夏 上級2ND,No.204をクリア,腕試し上級のかけら2,REFLEC BEAT colette Summerの楽曲でレベル9の楽曲をランクAA以上でクリア,スタンプチケット,4,red,15,4,0,FALSE
195,206,"Test your might ""colette Summer"" advanced 3rd",Order 205 cleared,Test your might advanced 3 fragment,Clear level 10 musics of REFLEC BEAT colette Summer with AA rank or above,Stamp ticket,腕試し編?コレット夏 上級3RD,No.205をクリア,腕試し上級のかけら3,REFLEC BEAT colette Summerの楽曲でレベル10の楽曲をランクAA以上でクリア,スタンプチケット,4,red,15,5,0,FALSE
196,207,"Test your might ""colette Summer"" advanced final",Order 206 cleared,Test your might advanced 4 fragment,Clear 海神 in HARD difficulty,"Byword left part ""Colette Summer advanced""",腕試し編?コレット夏 上級FINAL,No.206をクリア,腕試し上級のかけら4,海神のHARDをクリア,通り名 前パーツ「三代夏上級の」,4,red,10,1,0,FALSE
197,208,"Test your might ""colette Summer"" elite 1st",11/27/2013 version up,Test your might elite 1 fragment,Clear level 10+ musics of REFLEC BEAT colette Summer with AA rank or above,Stamp ticket,腕試し編?コレット夏 超上級1ST,2013/11/27 Ver.UP,腕試し超上級のかけら1,REFLEC BEAT colette Summerの楽曲でレベル10+の楽曲をランクAA以上でクリア,スタンプチケット,5,red,15,3,0,FALSE
198,209,"Test your might ""colette Summer"" elite 2nd",Order 208 cleared,Test your might elite 2 fragment,Clear level 10 musics of REFLEC BEAT colette Summer with AAA rank or above and full combo,Stamp ticket,腕試し編?コレット夏 超上級2ND,No.208をクリア,腕試し超上級のかけら2,REFLEC BEAT colette Summerの楽曲でレベル10の楽曲をランクAAA以上でフルコンボクリア,スタンプチケット,5,red,15,4,0,FALSE
199,210,"Test your might ""colette Summer"" elite 3rd",Order 209 cleared,Test your might elite 3 fragment,Clear EMPEROR OF THE AVALON in HARD difficulty with AAA rank or above,Stamp ticket,腕試し編?コレット夏 超上級3RD,No.209をクリア,腕試し超上級のかけら3,EMPEROR OF THE AVALONのHARDをランクAAA以上でクリア,スタンプチケット,5,red,10,5,0,FALSE
200,211,"Test your might ""colette Summer"" elite final",Order 210 cleared,Test your might elite 4 fragment,Clear リリーゼと炎龍レーヴァテイン in HARD difficulty with AAA+ rank,"Byword left part ""Colette Summer elite""",腕試し編?コレット夏 超上級FINAL,No.210をクリア,腕試し超上級のかけら4,リリーゼと炎龍レーヴァテインのHARDをランクAAA+でクリア,通り名 前パーツ「三代夏超上級の」,6,red,10,1,0,FALSE
201,121,Autumn gear - head ☆1,12/11/2013 version up,Level 10 fragment,Play musics of level 10,Blue cap,秋装備あたま編 ☆1,2013/12/11 Ver.UP,レベル10のかけら,レベル10の楽曲をプレー,青いキャップ,1,blue,10,1,0,FALSE
202,122,Autumn gear - head ☆2,Blue cap owned,J-POP fragment,Play musics of J-POP genre,Courier's wig,秋装備あたま編 ☆2,青いキャップ所持,J-POPのかけらを集める,J-POPの楽曲をプレー,飛脚のかつら,1,blue,10,1,0,FALSE
203,123,Autumn gear - head ☆3,Courier's wig owned,HARD fragment,Play musics in HARD difficulty,Millitary hat,秋装備あたま編 ☆3,飛脚のかつら所持,HARDのかけら,HARDをプレー,ミリタリーな帽子,2,blue,10,1,0,FALSE
204,124,Autumn gear - head ☆4,Millitary hat owned,Autumn fragment,Play musics of REFLEC BEAT colette Autumn,Mushroom hat,秋装備あたま編 ☆4,ミリタリーな帽子所持,秋のかけら,Autumnバージョンの楽曲をプレー,きのこの帽子,2,blue,12,1,0,FALSE
205,125,Autumn gear - head ☆5,Mushroom hat owned,Artist name row K fragment,"Play musics which artist name start with row K (start with k, c in color, q, g)",Deer hood,秋装備あたま編 ☆5,きのこの帽子所持,アーティストか行のかけら,「か行」で始まるアーティスト名の楽曲をプレー,シカシカフード,3,blue,12,1,0,FALSE
206,126,Autumn gear - head ☆6,Deer hood owned,Regional matching 1 fragment,Play with Hokaido / Tohoku region players via matching,Marron hood,秋装備あたま編 ☆6,シカシカフード所持,エリアマッチング1のかけら,北海道?東北エリアのプレイヤーとマッチングする,いがぐりずきん,3,blue,14,1,0,FALSE
207,127,Autumn gear - body ☆1,12/11/2013 version up,Level 9 fragment,Play musics of level 9,Casual autumn clothing,秋装備からだ編 ☆1,2013/12/11 Ver.UP,レベル9のかけら,レベル9の楽曲をプレー,カジュアルな秋服,1,blue,10,1,0,FALSE
208,128,Autumn gear - body ☆2,Casual autumn clothing owned,KONAMI Original fragment,Play musics of KONAMI Original genre,Courier's clothing,秋装備からだ編 ☆2,カジュアルな秋服所持,コナオリのかけら,コナミオリジナルの楽曲をプレー,飛脚の服,1,blue,10,1,0,FALSE
209,129,Autumn gear - body ☆3,Courier's clothing owned,Autumn fragment,Play musics of REFLEC BEAT colette Autumn,Millitary clothing,秋装備からだ編 ☆3,飛脚の服所持,秋のかけら,Autumnバージョンの曲をプレー,ミリタリーな服,2,blue,10,1,0,FALSE
210,130,Autumn gear - body ☆4,Millitary clothing owned,MEDIUM fragment,Play musics in MEDIUM difficulty,Mushroom suit,秋装備からだ編 ☆4,ミリタリーな服所持,MEDIUMのかけら,MEDIUMをプレー,きのこのスーツ,2,blue,12,1,0,FALSE
211,131,Autumn gear - body ☆5,Mushroom suit owned,Artist name row R fragment,"Play musics which artist name start with row R (start with r, l)",Deer coat,秋装備からだ編 ☆5,きのこのスーツ所持,アーティストら行のかけら,「ら行」で始まるアーティスト名の楽曲をプレー,シカシカコート,3,blue,12,1,0,FALSE
212,132,Autumn gear - body ☆6,Deer coat owned,Regional matching 5 fragment,Play with Chugoku / Shigoku region players via matching,Marron poncho,秋装備からだ編 ☆6,シカシカコート所持,エリアマッチング5のかけら,中国?四国エリアのプレイヤーとマッチングする,いがぐりポンチョ,3,blue,14,1,0,FALSE
213,133,Autumn gear - hand ☆1,12/11/2013 version up,Level 10+ fragment,Play musics of level 10+,Brown basket,秋装備もちもの編 ☆1,2013/12/11 Ver.UP,レベル10+のかけら,レベル10+の楽曲をプレー,茶色いかご,1,blue,10,1,0,FALSE
214,134,Autumn gear - hand ☆2,Brown basket owned,BASIC fragment,Play musics in BASIC difficulty,Courier's baggage,秋装備もちもの編 ☆2,茶色いかご所持,BASICのかけら,BASICをプレー,飛脚の手荷物,1,blue,10,1,0,FALSE
215,135,Autumn gear - hand ☆3,Courier's baggage owned,Autumn fragment,Play musics of REFLEC BEAT colette Autumn,Millitary box,秋装備もちもの編 ☆3,飛脚の手荷物所持,秋のかけら,Autumnバージョンの曲をプレー,ミリタリーな箱,2,blue,10,1,0,FALSE
216,136,Autumn gear - hand ☆4,Millitary box owned,Variety fragment,Play musics of Variety genre,Mushroom pochette,秋装備もちもの編 ☆4,ミリタリーな箱所持,バラエティのかけら,バラエティの楽曲をプレー,きのこのポシェット,2,blue,12,1,0,FALSE
217,137,Autumn gear - hand ☆5,Mushroom pochette owned,Artist name row A fragment,"Play musics which artist name start with row A (start with a, e, i, o, u, y in yield, v sometimes, x in x-ray)",Deer bag,秋装備もちもの編 ☆5,きのこのポシェット所持,アーティストあ行のかけら,「あ行」で始まるアーティスト名の楽曲をプレー,シカシカふくろ,3,blue,12,1,0,FALSE
218,138,Autumn gear - hand ☆6,Deer bag owned,Regional matching 6 fragment,Play with Kyushu / Okinawa region players via matching,Marron cleaner,秋装備もちもの編 ☆6,シカシカふくろ所持,エリアマッチング6のかけら,九州?沖縄エリアのプレイヤーとマッチングする,マロンくりーナー,3,blue,14,1,0,FALSE
219,212,"Test your might ""colette Autumn"" primary 1st",12/18/2013 version up,Test your might primary 1 fragment,Clear musics of REFLEC BEAT colette Autumn with AA rank or above,Stamp ticket,腕試し編?コレット秋 初級1ST,2013/12/18 Ver.UP,腕試し初級のかけら1,REFLEC BEAT colette Autumnの楽曲をランクAA以上でクリア,スタンプチケット,2,red,15,3,0,FALSE
220,213,"Test your might ""colette Autumn"" primary 2nd",Order 212 cleared,Test your might primary 2 fragment,Clear musics of REFLEC BEAT colette Autumn in HARD difficulty,Stamp ticket,腕試し編?コレット秋 初級2ND,No.212をクリア,腕試し初級のかけら2,REFLEC BEAT colette Autumnの楽曲のHARDをクリア,スタンプチケット,2,red,15,4,0,FALSE
221,214,"Test your might ""colette Autumn"" primary final",Order 213 cleared,Test your might primary 3 fragment,Clear level 8 musics of REFLEC BEAT colette Autumn,"Byword left part ""Colette Autumn primary""",腕試し編?コレット秋 初級FINAL,No.213をクリア,腕試し初級のかけら3,REFLEC BEAT colette Autumnの楽曲でレベル8の楽曲をクリア,通り名 前パーツ「三代秋初級の」,2,red,15,1,0,FALSE
222,215,"Test your might ""colette Autumn"" intermediate 1st",12/25/2013 version up,Test your might intermediate 1 fragment,Clear level 9 musics of REFLEC BEAT colette Autumn,Stamp ticket,腕試し編?コレット秋 中級1ST,2013/12/25 Ver.UP,腕試し初級のかけら1,REFLEC BEAT colette Autumnの楽曲でレベル9の楽曲をクリア,スタンプチケット,3,red,15,3,0,FALSE
223,216,"Test your might ""colette Autumn"" intermediate 2nd",Order 215 cleared,Test your might intermediate 2 fragment,Clear musics of REFLEC BEAT colette Autumn in HARD difficulty with AA rank or above,Stamp ticket,腕試し編?コレット秋 中級2ND,No.215をクリア,腕試し初級のかけら2,REFLEC BEAT colette Autumnの楽曲のHARDをランクAA以上でクリア,スタンプチケット,3,red,15,4,0,FALSE
224,217,"Test your might ""colette Autumn"" intermediate final",Order 216 cleared,Test your might intermediate 3 fragment,Clear Lapis Philosophorum in HARD difficulty,"Byword left part ""Colette Autumn intermediate""",腕試し編?コレット秋 中級FINAL,No.216をクリア,腕試し初級のかけら3,Lapis PhilosophorumのHARDをクリア,通り名 前パーツ「三代秋中級の」,3,red,10,1,0,FALSE
225,218,"Test your might ""colette Autumn"" advanced 1st",1/1/2014 version up,Test your might advanced 1 fragment,Clear musics of REFLEC BEAT colette Autumn with AAA rank or above,Stamp ticket,腕試し編?コレット秋 上級1ST,2014/01/01 Ver.UP,腕試し上級のかけら1,REFLEC BEAT colette Autumnの楽曲をランクAAA以上でクリア,スタンプチケット,4,red,15,3,0,FALSE
226,219,"Test your might ""colette Autumn"" advanced 2nd",Order 218 cleared,Test your might advanced 2 fragment,Clear level 9 musics of REFLEC BEAT colette Autumn with AA rank or above,Stamp ticket,腕試し編?コレット秋 上級2ND,No.218をクリア,腕試し上級のかけら2,REFLEC BEAT colette Autumnの楽曲でレベル9の楽曲をランクAA以上でクリア,スタンプチケット,4,red,15,4,0,FALSE
227,220,"Test your might ""colette Autumn"" advanced 3rd",Order 219 cleared,Test your might advanced 3 fragment,Clear level 7 musics of REFLEC BEAT colette Autumn with AAA rank or above,Stamp ticket,腕試し編?コレット秋 上級3RD,No.219をクリア,腕試し上級のかけら3,REFLEC BEAT colette Autumnの楽曲でレベル7の楽曲をランクAAA以上でクリア,スタンプチケット,4,red,15,5,0,FALSE
228,221,"Test your might ""colette Autumn"" advanced final",Order 220 cleared,Test your might advanced 4 fragment,Clear Ground Shake in HARD difficulty with AA rank or above,"Byword left part ""Colette Autumn advanced""",腕試し編?コレット秋 上級FINAL,No.220をクリア,腕試し上級のかけら4,Ground ShakeのHARDをランクAA以上でクリア,通り名 前パーツ「三代秋上級の」,4,red,10,1,0,FALSE
229,222,"Test your might ""colette Autumn"" elite 1st",1/8/2014 version up,Test your might elite 1 fragment,Clear level 9 musics of REFLEC BEAT colette Autumn with AAA rank or above and full combo,Stamp ticket,腕試し編?コレット秋 超上級1ST,2014/01/08 Ver.UP,腕試し超上級のかけら1,REFLEC BEAT colette Autumnの楽曲でレベル9の楽曲をランクAAA以上でフルコンボクリア,スタンプチケット,5,red,15,3,0,FALSE
230,223,"Test your might ""colette Autumn"" elite 2nd",Order 222 cleared,Test your might elite 2 fragment,Clear level 10 musics of REFLEC BEAT colette Autumn with AAA rank or above and full combo,Stamp ticket,腕試し編?コレット秋 超上級2ND,No.222をクリア,腕試し超上級のかけら2,REFLEC BEAT colette Autumnの楽曲でレベル10の楽曲をランクAAA以上でフルコンボクリア,スタンプチケット,5,red,15,4,0,FALSE
231,224,"Test your might ""colette Autumn"" elite 3rd",Order 223 cleared,Test your might elite 3 fragment,Clear level 10+ musics of REFLEC BEAT colette Autumn with AAA rank or above,Stamp ticket,腕試し編?コレット秋 超上級3RD,No.223をクリア,腕試し超上級のかけら3,REFLEC BEAT colette Autumnの楽曲でレベル10+の楽曲をランクAAA以上でクリア,スタンプチケット,5,red,15,5,0,FALSE
232,225,"Test your might ""colette Autumn"" elite final",Order 224 cleared,Test your might elite 4 fragment,Clear fallen leaves in HARD difficulty with AAA+ rank,"Byword left part ""Colette Autumn elite""",腕試し編?コレット秋 超上級FINAL,No.224をクリア,腕試し超上級のかけら4,fallen leavesのHARDをランクAAA+でクリア,通り名 前パーツ「三代秋超上級の」,6,red,10,1,0,FALSE
233,228,"Test your might ""colette Winter"" legendary",1/15/2014 version up,Test your might legendary fragment,Clear Valanga in HARD difficulty with AAA+ rank and full combo,"Byword left part ""Colette Winter legendary""",腕試し編?コレット冬 伝説級,2014/01/15 Ver.UP,腕試し伝説級のかけら,ValangaのHARDをランクAAA+でフルコンボクリア,通り名 前パーツ「三代冬伝説級の」,7,red,1,1,0,FALSE
234,229,"Test your might ""colette Spring"" legendary",1/15/2014 version up,Test your might legendary fragment,Clear ストレイ?マーチ in HARD difficulty with AAA+ rank and full combo,"Byword left part ""Colette Spring legendary""",腕試し編?コレット春 伝説級,2014/01/15 Ver.UP,腕試し伝説級のかけら,ストレイ?マーチのHARDをランクAAA+でフルコンボクリア,通り名 前パーツ「三代春伝説級の」,7,red,1,1,0,FALSE
235,230,"Test your might ""colette Summer"" legendary",1/15/2014 version up,Test your might legendary fragment,Clear 海神 in HARD difficulty with AAA+ rank and full combo,"Byword left part ""Colette Summer legendary""",腕試し編?コレット夏 伝説級,2014/01/15 Ver.UP,腕試し伝説級のかけら,海神のHARDをランクAAA+でフルコンボクリア,通り名 前パーツ「三代夏伝説級の」,7,red,1,1,0,FALSE
236,231,"Test your might ""colette Autumn"" legendary",1/15/2014 version up,Test your might legendary fragment,Clear fallen leaves in HARD difficulty with AAA+ rank and full combo,"Byword left part ""Colette Autumn legendary""",腕試し編?コレット秋 伝説級,2014/01/15 Ver.UP,腕試し伝説級のかけら,fallen leavesのHARDをランクAAA+でフルコンボクリア,通り名 前パーツ「三代秋伝説級の」,7,red,1,1,0,FALSE
